﻿Designator,Footprint,Quantity,Value,LCSC Part #
"C1, C2, C3, C4, C5",0402,5,0.1u,C1525
"C29, C40",CP_Radial_D6.3mm_P2.50mm,2,220u,
D1,0805,1,PURPLE,
D2,0805,1,BLUE,
"J1, J2, J3, J4, J5",JST_PH_B4B-PH-K_1x04_P2.00mm_Vertical,5,Conn_01x04_Pin,
J10,JST_PH_B3B-PH-K_1x03_P2.00mm_Vertical,1,Conn_01x03_Pin,
J11,JST_PH_B2B-PH-K_1x02_P2.00mm_Vertical,1,Conn_01x02_Male,
"R1, R11, R12, R13, R14, R15, R16, R2, R3, R4, R5, R6, R8",0402,13,22R,C25092
R10,0402,1,75R,
R7,0402,1,300R,
U1,LQFP-64_10x10mm_P0.5mm,1,STM32F411RETx,C94355
X1,Oscillator_SMD_SeikoEpson_SG8002CE-4Pin_3.2x2.5mm,1,49mHz,C7431354
