﻿Designator,Footprint,Quantity,Value,LCSC Part #
"C1, C10, C11, C13, C2",1206,5,10u,C1525
"C12, C15",1206,2,2.2u,C1525
"C14, C16, C17, C19, C22, C24, C29, C3, C4, C5, C7, C8, C9",0805,13,0.1u,C1525
"C18, C21, C6",CP_Radial_D6.3mm_P2.50mm,3,220u,
D1,0805,1,PURPLE,
"D2, D3, D5",0805,3,BLUE,
"D4, D8",0805,2,YELLOW,
"D6, D7",0805,2,WHITE,
"J1, J2, J3, J4, J7",JST_PH_B4B-PH-K_1x04_P2.00mm_Vertical,5,Conn_01x04_Pin,
"J10, J9",JST_PH_B2B-PH-K_1x02_P2.00mm_Vertical,2,Conn_01x02_Male,
"J11, J14",PinHeader_1x02_P2.54mm_Vertical,2,Conn_01x02_Pin,
"J12, J13",PinHeader_1x04_P2.54mm_Vertical,2,Conn_01x04_Pin,C225256
J5,PinHeader_1x06_P2.54mm_Vertical,1,Conn_01x06_Pin,
"J6, J8",JST_PH_B3B-PH-K_1x03_P2.00mm_Vertical,2,Conn_01x03_Pin,
"R1, R22, R26",0603,3,300R,
"R10, R11, R12, R13, R14, R15, R16, R17, R18, R3, R4, R5, R6, R7, R8, R9",0603,16,22R,C25092
"R19, R2, R23, R24, R25",0603,5,75R,
"R20, R27, R28",0603,3,4.7K,
R21,0603,1,10K,
SW1,Button Aliexpress 4x4,1,SW_SPST,
U1,SOT-223-3_TabPin2,1,AMS1117-3.3,C6186
"U2, U3, U4",TSSOP-8_4.4x3mm_P0.65mm,3,PI6CV304,C2649345
U5,LQFP-100_14x14mm_P0.5mm,1,STM32H723VGTx,C730142
Y1,Crystal_SMD_SeikoEpson_FA238-4Pin_3.2x2.5mm_HandSoldering,1,Crystal_GND24_Small,C555563
